"DateCreated","Name","PostContent","CreatorID","SpaceID","StatusID","Parent","Archived","AllAttchements","PostType","Closed","ClosingDate"
"Sat Mar 21 2015 12:24:24 GMT+0200 (South Africa Standard Time)","","","undefined","COS 332","0,1","0","undefined","","Question","false","Mon Jan 01 1 02:00:00 GMT+0200 (South Africa Standard Time)"
"Sun Mar 21 2010 12:24:24 GMT+0200 (South Africa Standard Time)","","","undefined","TAR 101","0,1","0","undefined","","Question","false","Mon Jan 01 1 02:00:00 GMT+0200 (South Africa Standard Time)"
"Sat Dec 21 2013 12:24:24 GMT+0200 (South Africa Standard Time)","","","undefined","COS 332","0,1","1","undefined","","Question","false","Mon Jan 01 1 02:00:00 GMT+0200 (South Africa Standard Time)"
"Thu Nov 21 2013 12:24:24 GMT+0200 (South Africa Standard Time)","","","undefined","COS 332","0,1","3","undefined","","Question","false","Mon Jan 01 1 02:00:00 GMT+0200 (South Africa Standard Time)"
"Thu Mar 26 2015 13:06:17 GMT+0200 (South Africa Standard Time)","","","undefined","","","undefined","undefined","","undefined","false","null"
"Thu Mar 26 2015 15:07:22 GMT+0200 (South Africa Standard Time)","","","undefined","","","undefined","undefined","","undefined","false","null"
"Thu Mar 26 2015 15:07:22 GMT+0200 (South Africa Standard Time)","","","undefined","undefined","","undefined","undefined","","Comment","false","null"
"Thu Mar 26 2015 15:07:22 GMT+0200 (South Africa Standard Time)","","","undefined","undefined","","undefined","undefined","","Answer","false","null"
"Thu Mar 26 2015 15:07:22 GMT+0200 (South Africa Standard Time)","","","undefined","undefined","","undefined","undefined","","Comment","false","null"
"Thu Mar 26 2015 15:09:45 GMT+0200 (South Africa Standard Time)","","","undefined","","","undefined","undefined","","undefined","false","null"
"Thu Mar 26 2015 15:09:45 GMT+0200 (South Africa Standard Time)","","","undefined","undefined","","undefined","undefined","","Comment","false","null"
"Thu Mar 26 2015 15:09:45 GMT+0200 (South Africa Standard Time)","","","undefined","undefined","","undefined","undefined","","Answer","false","null"
"Thu Mar 26 2015 15:09:45 GMT+0200 (South Africa Standard Time)","","","undefined","undefined","","undefined","undefined","","Comment","false","null"
"Thu Mar 26 2015 19:39:23 GMT+0200 (South Africa Standard Time)","","","undefined","default_buzz_space","","5514444bdf2028281416a603","undefined","","question","false","null"
"Thu Mar 26 2015 21:02:22 GMT+0200 (South Africa Standard Time)","","","undefined","test_buzz_space","","551457be7d082d441f76eb2a","undefined","","information","false","null"
"Fri Mar 27 2015 11:42:26 GMT+0200 (South Africa Standard Time)","","","undefined","MockBuzzSpace","","55152602b32f6c3414276028","undefined","","question","false","null"
"Fri Mar 27 2015 11:42:26 GMT+0200 (South Africa Standard Time)","","","undefined","MockBuzzSpace","","55152602b32f6c3414276028","undefined","","question","false","null"
"Fri Mar 27 2015 12:11:19 GMT+0200 (South Africa Standard Time)","","","undefined","MockBuzzSpace","","55152cc70c8c6c5c2a000310","undefined","","information","false","null"
"Fri Mar 27 2015 12:11:19 GMT+0200 (South Africa Standard Time)","","","undefined","MockBuzzSpace","","55152cc70c8c6c5c2a000310","undefined","","question","false","null"
"Fri Mar 27 2015 08:51:01 GMT+0200 (South Africa Standard Time)","","","undefined","MockBuzzSpace","","5514fdd544c340b441ac94b4","undefined","","information","false","null"
"Fri Mar 27 2015 08:51:01 GMT+0200 (South Africa Standard Time)","","","undefined","MockBuzzSpace","","5514fdd544c340b441ac94b4","undefined","","question","false","null"
"Fri Mar 27 2015 08:51:01 GMT+0200 (South Africa Standard Time)","","","undefined","MockBuzzSpace","","5514fdd544c340b441ac94b4","undefined","","question","false","null"
"Fri Mar 27 2015 11:29:22 GMT+0200 (South Africa Standard Time)","","","undefined","MockBuzzSpace","","551522f26003437c2459bf0b","undefined","","information","false","null"
"Fri Mar 27 2015 11:29:22 GMT+0200 (South Africa Standard Time)","","","undefined","MockBuzzSpace","","551522f26003437c2459bf0b","undefined","","question","false","null"
"Fri Mar 27 2015 11:29:22 GMT+0200 (South Africa Standard Time)","","","undefined","MockBuzzSpace","","551522f26003437c2459bf0b","undefined","","question","false","null"
"Fri Mar 27 2015 11:34:05 GMT+0200 (South Africa Standard Time)","","","undefined","MockBuzzSpace","","5515240d254bf81c11e5a673","undefined","","information","false","null"
"Fri Mar 27 2015 11:34:05 GMT+0200 (South Africa Standard Time)","","","undefined","MockBuzzSpace","","5515240d254bf81c11e5a673","undefined","","question","false","null"
"Fri Mar 27 2015 11:34:05 GMT+0200 (South Africa Standard Time)","","","undefined","MockBuzzSpace","","5515240d254bf81c11e5a673","undefined","","question","false","null"
"Fri Mar 27 2015 11:36:33 GMT+0200 (South Africa Standard Time)","","","undefined","MockBuzzSpace","","551524a178cbcfa4402a3abb","undefined","","information","false","null"
"Fri Mar 27 2015 11:36:33 GMT+0200 (South Africa Standard Time)","","","undefined","MockBuzzSpace","","551524a178cbcfa4402a3abb","undefined","","question","false","null"
"Fri Mar 27 2015 11:36:33 GMT+0200 (South Africa Standard Time)","","","undefined","MockBuzzSpace","","551524a178cbcfa4402a3abb","undefined","","question","false","null"
"Fri Mar 27 2015 11:37:56 GMT+0200 (South Africa Standard Time)","","","undefined","MockBuzzSpace","","551524f454f5c3f030509ecd","undefined","","question","false","null"
"Fri Mar 27 2015 11:37:56 GMT+0200 (South Africa Standard Time)","","","undefined","MockBuzzSpace","","551524f454f5c3f030509ecd","undefined","","information","false","null"
"Fri Mar 27 2015 11:37:56 GMT+0200 (South Africa Standard Time)","","","undefined","MockBuzzSpace","","551524f454f5c3f030509ecd","undefined","","question","false","null"
"Fri Mar 27 2015 12:11:19 GMT+0200 (South Africa Standard Time)","","","undefined","MockBuzzSpace","","55152cc70c8c6c5c2a000310","undefined","","question","false","null"
"Fri Mar 27 2015 12:12:44 GMT+0200 (South Africa Standard Time)","","","undefined","MockBuzzSpace","","55152d1c76c92cc81ddc2361","undefined","","information","false","null"
"Fri Mar 27 2015 12:12:44 GMT+0200 (South Africa Standard Time)","","","undefined","MockBuzzSpace","","55152d1c76c92cc81ddc2361","undefined","","question","false","null"
"Fri Mar 27 2015 12:12:44 GMT+0200 (South Africa Standard Time)","","","undefined","MockBuzzSpace","","55152d1c76c92cc81ddc2361","undefined","","question","false","null"
"Fri Mar 27 2015 12:18:21 GMT+0200 (South Africa Standard Time)","","","undefined","MockBuzzSpace","","55152e6de80eb74c33431636","undefined","","question","false","null"
"Fri Mar 27 2015 12:18:21 GMT+0200 (South Africa Standard Time)","","","undefined","MockBuzzSpace","","55152e6de80eb74c33431636","undefined","","information","false","null"
"Fri Mar 27 2015 12:18:21 GMT+0200 (South Africa Standard Time)","","","undefined","MockBuzzSpace","","55152e6de80eb74c33431636","undefined","","question","false","null"
"Fri Mar 27 2015 12:18:33 GMT+0200 (South Africa Standard Time)","","","undefined","MockBuzzSpace","","55152e79a76e6df02c109b63","undefined","","information","false","null"
"Fri Mar 27 2015 12:18:33 GMT+0200 (South Africa Standard Time)","","","undefined","MockBuzzSpace","","55152e79a76e6df02c109b63","undefined","","question","false","null"
"Fri Mar 27 2015 12:18:33 GMT+0200 (South Africa Standard Time)","","","undefined","MockBuzzSpace","","55152e79a76e6df02c109b63","undefined","","question","false","null"
"Fri Mar 27 2015 12:18:58 GMT+0200 (South Africa Standard Time)","","","undefined","MockBuzzSpace","","55152e92837634e8429f3459","undefined","","information","false","null"
"Fri Mar 27 2015 12:18:58 GMT+0200 (South Africa Standard Time)","","","undefined","MockBuzzSpace","","55152e92837634e8429f3459","undefined","","question","false","null"
"Fri Mar 27 2015 12:18:58 GMT+0200 (South Africa Standard Time)","","","undefined","MockBuzzSpace","","55152e92837634e8429f3459","undefined","","question","false","null"
"Fri Mar 27 2015 12:19:26 GMT+0200 (South Africa Standard Time)","","","undefined","MockBuzzSpace","","55152eae37bdd498051502ca","undefined","","information","false","null"
"Fri Mar 27 2015 12:19:26 GMT+0200 (South Africa Standard Time)","","","undefined","MockBuzzSpace","","55152eae37bdd498051502ca","undefined","","question","false","null"
"Fri Mar 27 2015 12:19:26 GMT+0200 (South Africa Standard Time)","","","undefined","MockBuzzSpace","","55152eae37bdd498051502ca","undefined","","question","false","null"
"Fri Mar 27 2015 12:20:21 GMT+0200 (South Africa Standard Time)","","","undefined","MockBuzzSpace","","55152ee5582a6d20251311ba","undefined","","information","false","null"
"Fri Mar 27 2015 12:20:21 GMT+0200 (South Africa Standard Time)","","","undefined","MockBuzzSpace","","55152ee5582a6d20251311ba","undefined","","question","false","null"
"Fri Mar 27 2015 12:20:21 GMT+0200 (South Africa Standard Time)","","","undefined","MockBuzzSpace","","55152ee5582a6d20251311ba","undefined","","question","false","null"
"Fri Mar 27 2015 12:21:19 GMT+0200 (South Africa Standard Time)","","","undefined","MockBuzzSpace","","55152f1fa750f3681a73b010","undefined","","information","false","null"
"Fri Mar 27 2015 12:21:19 GMT+0200 (South Africa Standard Time)","","","undefined","MockBuzzSpace","","55152f1fa750f3681a73b010","undefined","","question","false","null"
"Fri Mar 27 2015 12:21:19 GMT+0200 (South Africa Standard Time)","","","undefined","MockBuzzSpace","","55152f1fa750f3681a73b010","undefined","","question","false","null"
"Fri Mar 27 2015 12:22:38 GMT+0200 (South Africa Standard Time)","","","undefined","MockBuzzSpace","","55152f6e794a89a837c61167","undefined","","information","false","null"
"Fri Mar 27 2015 12:22:38 GMT+0200 (South Africa Standard Time)","","","undefined","MockBuzzSpace","","55152f6e794a89a837c61167","undefined","","question","false","null"
"Fri Mar 27 2015 12:22:38 GMT+0200 (South Africa Standard Time)","","","undefined","MockBuzzSpace","","55152f6e794a89a837c61167","undefined","","question","false","null"
"Fri Mar 27 2015 12:22:48 GMT+0200 (South Africa Standard Time)","","","undefined","MockBuzzSpace","","55152f78bf8f322426ec46d9","undefined","","information","false","null"
"Fri Mar 27 2015 12:22:48 GMT+0200 (South Africa Standard Time)","","","undefined","MockBuzzSpace","","55152f78bf8f322426ec46d9","undefined","","question","false","null"
"Fri Mar 27 2015 12:22:48 GMT+0200 (South Africa Standard Time)","","","undefined","MockBuzzSpace","","55152f78bf8f322426ec46d9","undefined","","question","false","null"
"Fri Mar 27 2015 12:23:16 GMT+0200 (South Africa Standard Time)","","","undefined","MockBuzzSpace","","55152f94e6117e481c9a011f","undefined","","information","false","null"
"Fri Mar 27 2015 12:23:16 GMT+0200 (South Africa Standard Time)","","","undefined","MockBuzzSpace","","55152f94e6117e481c9a011f","undefined","","question","false","null"
"Fri Mar 27 2015 12:23:16 GMT+0200 (South Africa Standard Time)","","","undefined","MockBuzzSpace","","55152f94e6117e481c9a011f","undefined","","question","false","null"
"Fri Mar 27 2015 12:24:02 GMT+0200 (South Africa Standard Time)","","","undefined","MockBuzzSpace","","55152fc2d7e2f71c39ce368f","undefined","","information","false","null"
"Fri Mar 27 2015 12:24:02 GMT+0200 (South Africa Standard Time)","","","undefined","MockBuzzSpace","","55152fc2d7e2f71c39ce368f","undefined","","question","false","null"
"Fri Mar 27 2015 12:24:02 GMT+0200 (South Africa Standard Time)","","","undefined","MockBuzzSpace","","55152fc2d7e2f71c39ce368f","undefined","","question","false","null"
"Fri Mar 27 2015 12:24:59 GMT+0200 (South Africa Standard Time)","","","undefined","MockBuzzSpace","","55152ffbbb338490404cbc3a","undefined","","question","false","null"
"Fri Mar 27 2015 12:24:59 GMT+0200 (South Africa Standard Time)","","","undefined","MockBuzzSpace","","55152ffbbb338490404cbc3a","undefined","","question","false","null"
"Fri Mar 27 2015 12:24:59 GMT+0200 (South Africa Standard Time)","","","undefined","MockBuzzSpace","","55152ffbbb338490404cbc3a","undefined","","information","false","null"
"Fri Mar 27 2015 12:25:41 GMT+0200 (South Africa Standard Time)","","","undefined","MockBuzzSpace","","55153025d2924364415115dc","undefined","","information","false","null"
"Fri Mar 27 2015 12:25:41 GMT+0200 (South Africa Standard Time)","","","undefined","MockBuzzSpace","","55153025d2924364415115dc","undefined","","question","false","null"
"Fri Mar 27 2015 12:25:41 GMT+0200 (South Africa Standard Time)","","","undefined","MockBuzzSpace","","55153025d2924364415115dc","undefined","","question","false","null"
"Fri Mar 27 2015 12:34:43 GMT+0200 (South Africa Standard Time)","","","undefined","MockBuzzSpace","","55153243e8fd18d83dbae93e","undefined","","information","false","null"
"Fri Mar 27 2015 12:34:43 GMT+0200 (South Africa Standard Time)","","","undefined","MockBuzzSpace","","55153243e8fd18d83dbae93e","undefined","","question","false","null"
"Fri Mar 27 2015 12:34:43 GMT+0200 (South Africa Standard Time)","","","undefined","MockBuzzSpace","","55153243e8fd18d83dbae93e","undefined","","question","false","null"
"Fri Mar 27 2015 12:35:44 GMT+0200 (South Africa Standard Time)","","","undefined","MockBuzzSpace","","55153280251a9cf42e75d745","undefined","","question","false","null"
"Fri Mar 27 2015 12:35:44 GMT+0200 (South Africa Standard Time)","","","undefined","MockBuzzSpace","","55153280251a9cf42e75d745","undefined","","information","false","null"
"Fri Mar 27 2015 12:35:44 GMT+0200 (South Africa Standard Time)","","","undefined","MockBuzzSpace","","55153280251a9cf42e75d745","undefined","","question","false","null"
"Fri Mar 27 2015 12:38:05 GMT+0200 (South Africa Standard Time)","","","undefined","MockBuzzSpace","","5515330df75d2a2832e61df0","undefined","","information","false","null"
"Fri Mar 27 2015 12:38:05 GMT+0200 (South Africa Standard Time)","","","undefined","MockBuzzSpace","","5515330df75d2a2832e61df0","undefined","","question","false","null"
"Fri Mar 27 2015 12:38:05 GMT+0200 (South Africa Standard Time)","","","undefined","MockBuzzSpace","","5515330df75d2a2832e61df0","undefined","","question","false","null"
"Fri Mar 27 2015 12:39:46 GMT+0200 (South Africa Standard Time)","","","undefined","MockBuzzSpace","","55153372b349cf9022e55f47","undefined","","information","false","null"
"Fri Mar 27 2015 12:39:46 GMT+0200 (South Africa Standard Time)","","","undefined","MockBuzzSpace","","55153372b349cf9022e55f47","undefined","","question","false","null"
"Fri Mar 27 2015 12:39:46 GMT+0200 (South Africa Standard Time)","","","undefined","MockBuzzSpace","","55153372b349cf9022e55f47","undefined","","question","false","null"
"Fri Mar 27 2015 12:40:36 GMT+0200 (South Africa Standard Time)","","","undefined","MockBuzzSpace","","551533a42bd8dad01d106ffe","undefined","","question","false","null"
"Fri Mar 27 2015 12:40:36 GMT+0200 (South Africa Standard Time)","","","undefined","MockBuzzSpace","","551533a42bd8dad01d106ffe","undefined","","question","false","null"
"Fri Mar 27 2015 12:40:36 GMT+0200 (South Africa Standard Time)","","","undefined","MockBuzzSpace","","551533a42bd8dad01d106ffe","undefined","","information","false","null"
"Fri Mar 27 2015 12:41:09 GMT+0200 (South Africa Standard Time)","","","undefined","MockBuzzSpace","","551533c5347249281a9c4cf4","undefined","","information","false","null"
"Fri Mar 27 2015 12:41:09 GMT+0200 (South Africa Standard Time)","","","undefined","MockBuzzSpace","","551533c5347249281a9c4cf4","undefined","","question","false","null"
"Fri Mar 27 2015 12:41:09 GMT+0200 (South Africa Standard Time)","","","undefined","MockBuzzSpace","","551533c5347249281a9c4cf4","undefined","","question","false","null"
"Fri Mar 27 2015 12:41:29 GMT+0200 (South Africa Standard Time)","","","undefined","MockBuzzSpace","","551533d9ad69ea981015136e","undefined","","information","false","null"
"Fri Mar 27 2015 12:41:29 GMT+0200 (South Africa Standard Time)","","","undefined","MockBuzzSpace","","551533d9ad69ea981015136e","undefined","","question","false","null"
"Fri Mar 27 2015 12:41:29 GMT+0200 (South Africa Standard Time)","","","undefined","MockBuzzSpace","","551533d9ad69ea981015136e","undefined","","question","false","null"
"Fri Mar 27 2015 12:43:41 GMT+0200 (South Africa Standard Time)","","","undefined","MockBuzzSpace","","5515345d2259428005ecc2ed","undefined","","information","false","null"
"Fri Mar 27 2015 12:43:41 GMT+0200 (South Africa Standard Time)","","","undefined","MockBuzzSpace","","5515345d2259428005ecc2ed","undefined","","question","false","null"
"Fri Mar 27 2015 12:43:41 GMT+0200 (South Africa Standard Time)","","","undefined","MockBuzzSpace","","5515345d2259428005ecc2ed","undefined","","question","false","null"
"Fri Mar 27 2015 12:45:14 GMT+0200 (South Africa Standard Time)","","","undefined","MockBuzzSpace","","551534ba908d58d02dae319d","undefined","","information","false","null"
"Fri Mar 27 2015 12:45:14 GMT+0200 (South Africa Standard Time)","","","undefined","MockBuzzSpace","","551534ba908d58d02dae319d","undefined","","question","false","null"
"Fri Mar 27 2015 12:45:14 GMT+0200 (South Africa Standard Time)","","","undefined","MockBuzzSpace","","551534ba908d58d02dae319d","undefined","","question","false","null"
"Fri Mar 27 2015 12:46:08 GMT+0200 (South Africa Standard Time)","","","undefined","MockBuzzSpace","","551534f0a572d7f43144f231","undefined","","information","false","null"
"Fri Mar 27 2015 12:46:08 GMT+0200 (South Africa Standard Time)","","","undefined","MockBuzzSpace","","551534f0a572d7f43144f231","undefined","","question","false","null"
"Fri Mar 27 2015 12:46:08 GMT+0200 (South Africa Standard Time)","","","undefined","MockBuzzSpace","","551534f0a572d7f43144f231","undefined","","question","false","null"
"Fri Mar 27 2015 12:46:18 GMT+0200 (South Africa Standard Time)","","","undefined","MockBuzzSpace","","551534fa7b03667035a3d909","undefined","","question","false","null"
"Fri Mar 27 2015 12:46:18 GMT+0200 (South Africa Standard Time)","","","undefined","MockBuzzSpace","","551534fa7b03667035a3d909","undefined","","information","false","null"
"Fri Mar 27 2015 12:46:18 GMT+0200 (South Africa Standard Time)","","","undefined","MockBuzzSpace","","551534fa7b03667035a3d909","undefined","","question","false","null"
"Fri Mar 27 2015 12:48:52 GMT+0200 (South Africa Standard Time)","","","undefined","MockBuzzSpace","","55153594c8301e6017f1294b","undefined","","information","false","null"
"Fri Mar 27 2015 12:48:52 GMT+0200 (South Africa Standard Time)","","","undefined","MockBuzzSpace","","55153594c8301e6017f1294b","undefined","","question","false","null"
"Fri Mar 27 2015 12:48:52 GMT+0200 (South Africa Standard Time)","","","undefined","MockBuzzSpace","","55153594c8301e6017f1294b","undefined","","question","false","null"
"","","","","","","","","","","",""